CARADVLAFLERLLYRFSTYYFDYW,2,0.021739130434782608
CARDLVDIVATITVVLAEYFQHW,4,0.043478260869565216
CARDTHVHGYSSGYRGYWYFDLW,17,0.18478260869565216
CAREGVVEYSSSSLALVCYYFDYW,4,0.043478260869565216
CARGPTGITGTTNYYYYYGMDVW,21,0.22826086956521738
CARLGTTGTTSGVSYFDYW,13,0.14130434782608695
CTRHVDTAMVTTYYYYYYYMDVW,18,0.1956521739130435
CVRGVVIGITGTTGRGEDYFDYW,13,0.14130434782608695
